,k
0,1.0003
1,0.7741
2,0.8376100000000001
3,0.8715200000000001
4,1.0006
5,1.0014
6,0.87766
7,1.0002
8,1.0011
9,0.8708899999999999
10,0.99885
11,1.0006
12,0.99816
13,0.99925
14,1.0015
15,0.9996700000000001
16,0.99779
17,1.001
18,0.9998799999999999
19,0.8512200000000001
20,1.001
21,1.0001
22,0.8013399999999999
23,0.83731
24,1.0004
25,1.0002
26,1.0004
27,1.0007
28,0.85774
29,0.8299799999999999
30,0.8831600000000001
31,1.0008
32,0.7673800000000001
33,0.9979
34,0.99884
35,0.83035
36,0.99954
37,1.0012
38,1.0009
39,0.86539
40,1.0003
41,1.001
42,1.0011
43,1.0007
44,1.0009
45,0.9225899999999999
46,1.0001
47,0.9956299999999999
48,0.9990399999999999
49,0.99824
50,0.86539
51,1.0013
52,0.99872
53,0.99995
54,0.8668899999999999
55,0.97862
56,0.9992700000000001
57,0.82668
58,0.99977
59,0.79156
60,0.99876
61,0.8717799999999999
62,0.82496
63,0.99936
64,0.7974899999999999
65,0.9995700000000001
66,0.9996299999999999
67,0.99941
68,1.0001
69,0.9998100000000001
70,0.9991
71,0.99949
72,1.0012
73,0.82375
74,1.001
75,1.0005
76,0.9207799999999999
77,0.80683
78,0.8507899999999999
79,0.88926
80,0.76668
81,0.80379
82,0.8604200000000001
83,0.9980700000000001
84,0.9996
85,0.8623
86,0.91556
87,0.9024
88,0.76425
89,0.88087
90,0.9986200000000001
91,1.0004
92,1.001
93,0.8857
94,1.0002
95,0.99826
96,1.0014
97,0.88371
98,0.90659
99,0.99989
100,0.87349
101,0.9989600000000001
102,0.78952
103,0.8894
104,0.82042
105,0.81279
106,0.78782
107,0.80466
108,0.8570700000000001
109,0.9529799999999999
110,0.9986799999999999
111,0.83491
112,0.8841600000000001
113,0.85606
114,1.0004
115,0.99956
116,0.99928
117,0.9993200000000001
118,0.8442
119,0.7904
120,0.86487
121,0.8398200000000001
122,1.0004
123,1.0016
124,0.99987
125,0.8907299999999999
126,0.99854
127,0.8225299999999999
128,0.82115
129,0.9983200000000001
130,1.0004
131,1.0014
132,0.8290000000000001
133,1.0002
134,0.99929
135,1.0002
136,0.9455
137,0.8185100000000001
138,0.9205700000000001
139,0.88115
140,0.8615200000000001
141,0.74263
142,0.88975
143,0.9996299999999999
144,0.81672
145,0.94821
146,1.0005
147,1.0003
148,0.99824
149,1.0002
150,0.99959
151,0.94847
152,0.99984
153,0.99931
154,1.0022
155,0.81486
156,0.9715799999999999
157,0.92495
158,0.99956
159,0.85314
160,0.99972
161,1.0006
162,0.84931
163,1.0014
164,0.9990899999999999
165,0.8559899999999999
166,0.99836
167,0.99976
168,0.8352200000000001
169,0.96119
170,0.9998600000000001
171,0.8588399999999999
172,0.8771100000000001
173,0.88705
174,0.7468899999999999
175,0.86336
176,0.79179
177,0.8468600000000001
178,0.8181
179,1.0006
180,0.8882200000000001
181,0.93376
182,0.9984
183,0.8531799999999999
184,0.9984
185,0.8368
186,0.9986200000000001
187,1.0004
188,1.0005
189,1.0007
190,0.99879
191,0.9191799999999999
192,1.002
193,1.0008
194,0.9988299999999999
195,1.0001
196,1.0003
197,0.8259299999999999
198,1.0017
199,0.85372
200,0.9990899999999999
201,0.8628899999999999
202,1.0005
203,0.79852
204,1.0008
205,0.99887
206,0.86585
207,0.9979299999999999
208,0.77876
209,0.82273
210,0.99813
211,0.96068
212,0.99961
213,0.99934
214,0.96945
215,0.8479200000000001
216,0.9988
217,1.001
218,0.9996200000000001
219,0.86049
220,0.89228
221,0.80096
222,0.99998
223,0.87976
224,0.8755799999999999
225,0.8257200000000001
226,1.0014
227,1.0002
228,0.9991700000000001
229,0.75571
230,1.0004
231,1.001
232,1.0006
233,0.8965
234,1.0003
235,0.85069
236,0.87231
237,0.80378
238,0.99997
239,0.80479
240,0.94344
241,0.9999600000000001
242,1.0011
243,0.9999600000000001
244,0.80361
245,0.8349799999999999
246,0.99816
247,0.8276600000000001
248,1.0007
249,0.92305
250,0.8946200000000001
251,0.9051299999999999
252,0.85764
253,0.8137800000000001
254,1.0002
255,0.9998299999999999
256,1.0002
257,0.99961
258,1.0001
259,1.0008
260,0.9991700000000001
261,0.8946799999999999
262,0.9996
263,1.0004
264,1.0003
265,1.0012
266,1.001
267,0.8534299999999999
268,0.99955
269,0.99882
270,0.99974
271,1.0007
272,1.0005
273,0.9996700000000001
274,0.99851
275,0.99879
276,0.867
277,0.99849
278,0.8918299999999999
279,1.0011
280,0.7935
281,0.84916
282,1.0004
283,0.85731
284,0.75659
285,1.0019
286,1.0004
287,0.87907
288,0.8009999999999999
289,1.0005
290,1.0011
291,0.9999299999999999
292,0.8642799999999999
293,0.89779
294,0.81101
295,0.89231
296,1.0003
297,0.8407899999999999
298,1.001
299,0.84808
300,0.9993200000000001
301,1.0004
302,0.9990100000000001
303,0.7682
304,0.99939
305,0.99851
306,0.99913
307,0.846
308,0.99985
309,1.0007
310,0.9986700000000001
311,0.7955399999999999
312,0.99945
313,0.9993700000000001
314,0.8648600000000001
315,0.99918
316,0.9989399999999999
317,0.87851
318,1.0009
319,1.0002
320,0.8053
321,1.0009
322,0.8740000000000001
323,1.0004
324,0.9999
325,0.85059
326,1.0021
327,1.0003
328,0.81691
329,1.0015
330,0.85203
331,0.8654
332,1.0011
333,0.99754
334,0.8177399999999999
335,0.78008
336,0.87618
337,0.8451700000000001
338,0.80182
339,0.99975
340,0.8389200000000001
341,0.99982
342,0.99995
343,0.8252799999999999
344,0.8793700000000001
345,0.99879
346,0.8846299999999999
347,0.80402
348,1.0005
349,0.89636
350,0.8652700000000001
351,1.0001
352,0.85224
353,1.0005
354,0.89513
355,1.0007
356,0.8492299999999999
357,1.001
358,1.0004
359,1.0015
360,1.0011
361,0.9993799999999999
362,0.9161799999999999
363,0.8329
364,1.0003
365,0.80904
366,1.001
367,1.0017
368,0.83076
369,0.99959
370,1.001
371,0.8832700000000001
372,0.87241
373,0.9989
374,0.87528
375,0.9995
376,0.99898
377,0.9990000000000001
378,0.89995
379,1.0013
380,0.9989600000000001
381,1.0013
382,0.9353600000000001
383,0.8426899999999999
384,0.87223
385,0.9993700000000001
386,0.82273
387,0.9990399999999999
388,1.0004
389,0.8469200000000001
390,0.9998799999999999
391,0.88726
392,1.0009
393,0.9590000000000001
394,0.88295
395,0.82434
396,0.83591
397,0.89365
398,0.8425600000000001
399,0.82536
400,0.86003
401,0.71642
402,0.9993200000000001
403,1.0007
404,1.0002
405,0.91635
406,0.99977
407,0.8123199999999999
408,0.90051
409,0.85325
410,1.0002
411,0.9000799999999999
412,0.77709
413,1.0018
414,0.87856
415,0.99961
416,1.0001
417,0.88918
418,1.0018
419,0.8585799999999999
420,0.99774
421,0.83119
422,0.99844
423,1.0007
424,0.9689200000000001
425,0.86944
426,0.74287
427,0.9123399999999999
428,0.84019
429,0.8299799999999999
430,0.89256
431,0.9446100000000001
432,0.9999600000000001
433,0.99944
434,0.81095
435,0.9983700000000001
436,0.81785
437,0.99882
438,0.9093
439,0.99929
440,1.0003
441,0.83054
442,0.8553
443,0.75179
444,1.0002
445,1.0004
446,0.9995
447,0.80152
448,0.7661899999999999
449,1.0003
450,1.0006
451,1.0018
452,0.83315
453,0.8616799999999999
454,0.86829
455,0.99913
456,0.8664200000000001
457,0.8404299999999999
458,0.7492
459,0.81092
460,0.9166700000000001
461,0.9993299999999999
462,1.0005
463,1.0008
464,1.0001
465,0.9990399999999999
466,0.8263299999999999
467,0.9991899999999999
468,0.99998
469,0.78684
470,0.8392799999999999
471,0.9468200000000001
472,0.88364
473,1.0009
474,1.0004
475,0.83605
476,0.83745
477,0.9995
478,1.0003
479,0.78345
480,0.9996799999999999
481,0.9009299999999999
482,0.8891
483,0.8195100000000001
484,0.90785
485,1.0012
486,1.0013
487,0.99955
488,0.9997299999999999
489,1.0013
490,0.90995
491,0.77547
492,0.9991200000000001
493,1.0003
494,0.8693
495,0.94821
496,1.0005
497,0.9998600000000001
498,0.9996
499,1.0007
500,0.95199
501,1.0003
502,0.89999
503,0.99915
504,1.0
505,0.89464
506,0.8882700000000001
507,0.9995799999999999
508,0.99998
509,0.78487
510,1.0004
511,0.8624
512,0.8533200000000001
513,0.8751700000000001
514,1.0019
515,0.91645
516,0.8931
517,1.0
518,0.84536
519,0.8225100000000001
520,0.9996700000000001
521,1.0012
522,0.8344799999999999
523,1.0008
524,0.8854
525,0.90391
526,0.9999299999999999
527,0.8235
528,0.9989100000000001
529,0.79177
530,0.96344
531,0.87374
532,0.9998100000000001
533,0.87982
534,0.87013
535,0.82131
536,0.9997
537,0.99874
538,0.8652200000000001
539,0.9998299999999999
540,0.7619
541,0.82894
542,0.99966
543,0.83581
544,0.9998299999999999
545,1.0004
546,1.0005
547,0.83594
548,1.0005
549,0.9996299999999999
550,1.0
551,0.8396299999999999
552,0.91045
553,1.0006
554,0.99915
555,0.8495
556,0.8567100000000001
557,0.99925
558,0.84495
559,0.8259799999999999
560,0.81212
561,0.79835
562,1.0001
563,0.9056200000000001
564,1.0014
565,1.0011
566,0.8611700000000001
567,0.9991399999999999
568,1.0003
569,0.89691
570,0.8445799999999999
571,0.81857
572,0.84078
573,0.99845
574,0.9590000000000001
575,0.8788600000000001
576,1.0005
577,0.8608399999999999
578,0.99898
579,0.8275
580,0.99966
581,1.0007
582,0.8318700000000001
583,0.998
584,0.90905
585,0.8478600000000001
586,0.8905200000000001
587,1.0012
588,1.0022
589,1.0016
590,0.83931
591,0.8770600000000001
592,0.7834300000000001
593,0.84109
594,0.77713
595,0.9222
596,0.8457
597,0.93484
598,1.0001
599,1.0002
600,0.86049
601,0.78545
602,0.96436
603,1.0001
604,0.998
605,0.86656
606,0.99784
607,0.9998
608,0.9177200000000001
609,1.0013
610,0.89859
611,0.99979
612,1.0008
613,1.0002
614,0.9993200000000001
615,0.81643
616,0.84993
617,1.0003
618,0.99751
619,0.99972
620,1.0005
621,0.79245
622,0.9989399999999999
623,0.9995799999999999
624,0.8640899999999999
625,0.91233
626,1.0003
627,0.84985
628,1.0003
629,0.99984
630,1.0003
631,1.0015
632,1.0003
633,1.0003
634,0.99887
635,0.9999100000000001
636,0.7572300000000001
637,1.0007
638,0.99976
639,0.99971
640,1.0003
641,1.0005
642,0.9990600000000001
643,0.81404
644,0.9106700000000001
645,0.82299
646,0.8992600000000001
647,1.001
648,1.0001
649,0.7734
650,0.87541
651,1.0001
652,1.0001
653,1.0005
654,0.8183199999999999
655,0.95683
656,1.0011
657,0.86495
658,0.81539
659,0.9990899999999999
660,0.9998799999999999
661,1.0008
662,0.7993899999999999
663,0.8765700000000001
664,1.0005
665,0.91512
666,0.8626799999999999
667,0.99849
668,0.88513
669,0.88334
670,0.99916
671,0.99975
672,0.86444
673,0.99972
674,1.0016
675,1.0006
676,0.9087700000000001
677,0.99979
678,0.81607
679,0.87156
680,0.81216
681,0.8125600000000001
682,1.0002
683,0.80915
684,0.7289899999999999
685,0.74106
686,0.8339200000000001
687,0.9998600000000001
688,0.8378
689,0.86513
690,1.0004
691,0.9428
692,0.87945
693,0.9978600000000001
694,1.0001
695,1.0007
696,1.0004
697,1.0
698,1.0012
699,0.80791
700,0.82504
701,0.85354
702,1.0013
703,1.0009
704,0.83137
705,0.99911
706,1.0003
707,0.8527299999999999
708,0.80215
709,0.9994200000000001
710,0.86205
711,0.878
712,1.0004
713,1.0003
714,0.99959
715,0.82145
716,0.99921
717,0.9998600000000001
718,0.8368700000000001
719,1.0004
720,1.0016
721,0.9224399999999999
722,0.91079
723,0.9996
724,0.99975
725,0.9988
726,0.9997
727,1.0004
728,0.99877
729,0.82939
730,0.9587100000000001
731,0.9066200000000001
732,0.99945
733,1.0007
734,1.0017
735,0.99898
736,0.8917200000000001
737,0.8719600000000001
738,0.97954
739,0.84054
740,1.0018
741,0.99956
742,1.0006
743,0.9995
744,0.99882
745,1.0001
746,0.8019
747,0.81476
748,0.8602299999999999
749,0.82978
750,1.001
751,0.9996200000000001
752,0.89702
753,0.78108
754,0.76136
755,0.9993700000000001
756,0.7960699999999999
757,0.9995700000000001
758,0.80684
759,0.82294
760,0.7793800000000001
761,0.8683700000000001
762,1.0003
763,0.80102
764,0.9998799999999999
765,0.84211
766,0.7892899999999999
767,0.9142
768,0.9992
769,0.8713299999999999
770,1.0001
771,1.0004
772,0.95676
773,1.0007
774,1.0005
775,0.77842
776,0.9993700000000001
777,0.9991
778,0.89561
779,0.8475799999999999
780,0.9997799999999999
781,0.76913
782,1.0002
783,0.9994799999999999
784,0.79227
785,0.8514700000000001
786,0.94465
787,0.8358399999999999
788,0.9985299999999999
789,0.9996299999999999
790,0.9994799999999999
791,1.0012
792,0.9990700000000001
793,0.8297700000000001
794,1.0008
795,0.9559200000000001
796,0.8429700000000001
797,0.8732
798,0.8583700000000001
799,1.0007
800,0.8666
801,0.8245299999999999
802,0.7758
803,1.0009
804,0.8820899999999999
805,0.83435
806,0.8531
807,0.78056
808,0.79293
809,1.0002
810,0.87529
811,0.9360299999999999
812,0.8678600000000001
813,0.99903
814,1.0008
815,0.86144
816,0.83242
817,0.99975
818,0.9995799999999999
819,0.8602200000000001
820,0.99974
821,0.8639100000000001
822,1.0001
823,0.99829
824,1.0006
825,0.84205
826,0.82404
827,0.8247399999999999
828,0.99835
829,1.0002
830,0.8516799999999999
831,0.9990899999999999
832,0.85104
833,0.91185
834,0.91005
835,1.0002
836,1.0
837,0.8877299999999999
838,0.99849
839,1.0
840,0.9996
841,0.99972
842,0.8578899999999999
843,0.91605
844,0.99972
845,1.0008
846,0.99931
847,0.8741
848,0.9194899999999999
849,0.9993200000000001
850,0.8006
851,0.9119700000000001
852,1.0001
853,1.0006
854,1.0001
855,0.9984700000000001
856,0.99825
857,1.0002
858,0.90717
859,0.9368799999999999
860,0.8529
861,0.9118700000000001
862,0.99961
863,0.99946
864,0.8257399999999999
865,1.0005
866,1.0008
867,0.9992
868,0.82768
869,0.91115
870,0.9999299999999999
871,1.0003
872,0.92375
873,1.0
874,1.0014
875,0.9992200000000001
876,0.8885799999999999
877,1.0003
878,1.0007
879,0.8072600000000001
880,0.92268
881,1.0006
882,0.99992
883,0.99774
884,0.8919299999999999
885,1.0007
886,0.79625
887,0.79187
888,1.0002
889,1.0002
890,0.84839
891,1.0019
892,0.87839
893,0.80406
894,1.0001
895,1.0007
896,0.9998100000000001
897,0.8649700000000001
898,0.9996700000000001
899,0.99931
900,0.9399700000000001
901,1.0001
902,1.001
903,0.9983799999999999
904,1.0015
905,0.8568899999999999
906,0.80388
907,0.9021399999999999
908,0.84336
909,1.0012
910,1.0019
911,0.8210799999999999
912,1.0016
913,0.87445
914,0.99984
915,1.0003
916,0.99934
917,0.8895
918,0.7942600000000001
919,1.0009
920,1.0004
921,0.9988
922,1.0005
923,0.8253299999999999
924,0.9997
925,1.0005
926,0.8832899999999999
927,0.7829699999999999
928,0.99887
929,1.0006
930,0.99784
931,0.8242
932,0.91028
933,1.0008
934,0.73748
935,0.69655
936,1.0
937,0.82134
938,0.94473
939,1.0001
940,0.99865
941,0.75655
942,0.9085200000000001
943,0.8135
944,0.89815
945,0.99926
946,0.91138
947,0.86531
948,1.0019
949,0.8398200000000001
950,1.0013
951,1.0013
952,1.0018
953,1.0002
954,0.86823
955,0.99949
956,0.8487600000000001
957,0.9999899999999999
958,0.9288299999999999
959,0.89295
960,0.9106200000000001
961,1.0002
962,0.8475799999999999
963,0.8033399999999999
964,0.7731600000000001
965,1.0015
966,0.94321
967,0.75374
968,0.81392
969,0.89495
970,1.0025
971,0.8656299999999999
972,1.0009
973,0.99976
974,0.79084
975,0.98161
976,0.8460200000000001
977,0.8329700000000001
978,0.82786
979,0.93101
980,0.8264799999999999
981,0.9998
982,1.0008
983,0.86606
984,0.83152
985,0.8431700000000001
986,1.0007
987,0.8624200000000001
988,0.99946
989,0.9982
990,1.0014
991,0.99987
992,0.7996300000000001
993,1.0006
994,0.77712
995,0.99918
996,1.0003
997,0.8079
998,1.0001
999,0.8266399999999999
1000,0.9993299999999999
1001,1.0011
1002,0.99992
1003,0.86001
1004,0.82894
1005,1.0003
1006,1.0003
1007,0.87959
1008,0.8414799999999999
1009,0.84345
1010,1.0004
1011,0.99936
1012,0.8815799999999999
1013,0.80109
1014,1.001
1015,0.88856
1016,1.0004
1017,0.88986
1018,0.81798
1019,0.9993
1020,1.0005
1021,0.9991200000000001
1022,1.0014
1023,0.89046
1024,0.9988
1025,1.0008
1026,1.0004
1027,0.89079
1028,0.81809
1029,0.8157399999999999
1030,0.88151
1031,1.0001
1032,0.8343700000000001
1033,0.9071
1034,0.99879
1035,0.83829
1036,0.9990399999999999
1037,0.8495799999999999
1038,0.87035
1039,0.8559399999999999
1040,0.78357
1041,0.8566600000000001
1042,0.8461799999999999
1043,0.9995700000000001
1044,0.86161
1045,0.99959
1046,0.9999
1047,0.99975
1048,0.84395
1049,0.7589
1050,0.99966
1051,0.73659
1052,0.8295399999999999
1053,0.82321
1054,0.83186
1055,0.9988799999999999
1056,0.8448200000000001
1057,0.78767
1058,0.92019
1059,0.82619
1060,0.86167
1061,0.7974100000000001
1062,0.89807
1063,0.94283
1064,0.8801899999999999
1065,0.87305
1066,0.8824
1067,0.99859
1068,0.81697
1069,0.99945
1070,0.99954
1071,1.0016
1072,1.0008
1073,1.0006
1074,0.99775
1075,0.9990700000000001
1076,0.80138
1077,0.9996
1078,0.89118
1079,0.9990700000000001
1080,0.8573
1081,0.88433
1082,0.99961
1083,1.0007
1084,0.9992700000000001
1085,0.85329
1086,1.0008
1087,1.002
1088,1.0012
1089,0.76418
1090,0.7674300000000001
1091,0.9995799999999999
1092,0.99765
1093,1.0002
1094,1.0003
1095,1.0027
1096,0.8527
1097,0.75446
1098,1.0008
1099,0.99759
1100,0.86446
1101,0.99972
1102,0.87236
1103,0.84914
1104,0.9991899999999999
1105,0.99918
1106,0.80181
1107,0.8574799999999999
1108,0.8466100000000001
1109,0.85634
1110,0.8491200000000001
1111,0.9004200000000001
1112,1.0007
1113,0.9999600000000001
1114,0.83878
1115,0.8215100000000001
1116,0.99955
1117,0.7802
1118,0.8216899999999999
1119,0.9995299999999999
1120,0.84555
1121,0.7925800000000001
1122,0.89751
1123,1.001
1124,0.80829
1125,0.87211
1126,1.0009
1127,0.86261
1128,0.8516600000000001
1129,0.90527
1130,0.86951
1131,0.88889
1132,0.76376
1133,0.9812799999999999
1134,0.9997
1135,0.8465299999999999
1136,1.0006
1137,0.87256
1138,0.8261700000000001
1139,0.80801
1140,0.82258
1141,0.74897
1142,1.0013
1143,1.0016
1144,1.0003
1145,1.0004
1146,1.0009
1147,0.99972
1148,1.0008
1149,0.8251700000000001
1150,1.0001
1151,0.82836
1152,1.0016
1153,0.8620899999999999
1154,0.9993299999999999
1155,0.99977
1156,0.84231
1157,0.86231
1158,0.8888
1159,0.9999899999999999
1160,0.87682
1161,0.80615
1162,0.99939
1163,0.88613
1164,1.0006
1165,0.9169299999999999
1166,0.8387399999999999
1167,0.85772
1168,1.0
1169,1.0004
1170,0.8294299999999999
1171,0.80858
1172,1.0002
1173,0.8389
1174,0.8822
1175,0.8771899999999999
1176,1.0001
1177,1.0001
1178,0.99956
1179,0.86013
1180,0.99802
1181,0.85706
1182,0.8055100000000001
1183,1.0002
1184,0.9999399999999999
1185,0.88129
1186,0.9934799999999999
1187,1.0007
1188,0.9976
1189,0.9996700000000001
1190,0.8700899999999999
1191,0.9996200000000001
1192,1.0017
1193,0.9995299999999999
1194,0.8373200000000001
1195,0.80823
1196,0.99856
1197,0.8623799999999999
1198,0.7781399999999999
1199,0.81381
1200,0.8206700000000001
1201,1.0006
1202,1.0007
1203,0.94514
1204,0.9983299999999999
1205,0.99045
1206,0.9176
1207,0.99982
1208,1.0002
1209,0.99845
1210,0.88308
1211,0.8238700000000001
1212,0.99964
1213,0.99946
1214,1.0001
1215,0.99966
1216,0.8438200000000001
1217,1.0009
1218,1.0008
1219,0.82075
1220,1.0011
1221,0.83995
1222,0.9989299999999999
1223,0.8913399999999999
1224,0.8557
1225,0.81165
1226,0.99997
1227,0.8650899999999999
1228,0.8446799999999999
1229,0.74829
1230,0.99895
1231,0.90751
1232,0.9995299999999999
1233,0.99918
1234,0.9986200000000001
1235,0.9999
1236,0.8385299999999999
1237,1.0005
1238,0.9996
1239,1.0011
1240,0.9995
1241,1.0004
1242,0.84439
1243,0.90199
1244,0.81696
1245,0.87534
1246,0.89692
1247,0.73531
1248,1.0004
1249,0.87084
1250,0.99935
1251,0.8261
1252,0.7862899999999999
1253,0.8325100000000001
1254,0.9998
1255,0.99834
1256,1.0003
1257,0.99808
1258,0.81313
1259,0.82505
1260,0.9989100000000001
1261,0.99944
1262,1.001
1263,0.73777
1264,0.8055
1265,1.0001
1266,0.80269
1267,0.92563
1268,0.83986
1269,0.9039799999999999
1270,0.99985
1271,0.9994
1272,1.002
1273,0.87726
1274,0.83401
1275,0.73419
1276,0.9991899999999999
1277,0.99946
1278,1.0012
1279,1.002
1280,0.87765
1281,1.0002
1282,1.0022
1283,1.001
1284,0.78481
1285,0.99929
1286,0.8821100000000001
1287,0.8266899999999999
1288,0.8598899999999999
1289,0.99876
1290,0.99975
1291,1.0008
1292,0.9989
1293,0.99984
1294,0.86925
1295,0.7673399999999999
1296,0.89743
1297,0.9282299999999999
1298,0.86039
1299,0.9168
1300,0.99855
1301,0.74545
1302,0.99916
1303,0.88902
1304,1.0001
1305,1.0015
1306,0.99782
1307,1.0017
1308,1.0001
1309,1.0013
1310,1.0011
1311,1.0001
1312,0.8053
1313,0.8557299999999999
1314,0.90333
1315,1.0015
1316,0.81919
1317,1.0007
1318,0.89955
1319,1.0014
1320,0.9995200000000001
1321,0.9047299999999999
1322,0.9997799999999999
1323,0.81262
1324,1.0003
1325,0.84352
1326,0.85282
1327,0.82195
1328,0.9991700000000001
1329,1.0006
1330,0.9996200000000001
1331,0.9979899999999999
1332,0.81107
1333,0.84778
1334,0.9263
1335,0.99872
1336,1.0016
1337,0.85519
1338,0.83095
1339,1.0005
1340,0.9986799999999999
1341,0.8221299999999999
1342,0.9968299999999999
1343,1.0003
1344,0.9109
1345,0.93848
1346,1.0001
1347,0.7509600000000001
1348,1.0015
1349,0.87756
1350,0.88141
1351,1.0001
1352,0.86387
1353,0.73969
1354,0.8367
1355,0.87718
1356,1.0002
1357,0.8499399999999999
1358,1.0012
1359,0.8764799999999999
1360,0.9446700000000001
1361,0.99876
1362,1.0015
1363,1.0009
1364,0.8678899999999999
1365,0.8277399999999999
1366,0.99859
1367,0.8333
1368,0.8042
1369,0.9986299999999999
1370,1.0011
1371,0.9095799999999999
1372,0.8722
1373,0.99859
1374,0.9445399999999999
1375,0.9996799999999999
1376,0.85414
1377,0.99946
1378,0.99903
1379,0.8386299999999999
1380,1.0005
1381,0.9685
1382,0.89576
1383,0.99997
1384,1.0006
1385,0.99977
1386,0.8363700000000001
1387,1.0013
1388,0.8035800000000001
1389,0.9989899999999999
1390,0.79986
1391,0.81055
1392,1.0003
1393,0.9987299999999999
1394,0.9990100000000001
1395,0.7881199999999999
1396,1.0013
1397,0.9985
1398,0.84931
1399,0.8469899999999999
1400,0.78967
1401,1.0006
1402,0.79509
1403,0.82531
1404,1.0001
1405,0.7330899999999999
1406,1.0001
1407,1.0003
1408,0.9978600000000001
1409,0.8346100000000001
1410,0.99982
1411,0.92714
1412,0.89484
1413,0.99624
1414,1.0002
1415,0.8903200000000001
1416,0.99936
1417,0.83305
1418,0.8252299999999999
1419,0.99969
1420,0.8358
1421,1.0017
1422,0.9999
1423,1.0007
1424,1.0005
1425,0.99874
1426,0.9999100000000001
1427,0.99782
1428,0.8046
1429,0.9994299999999999
1430,0.90814
1431,0.91285
1432,1.0
1433,0.7752600000000001
1434,1.001
1435,1.0005
1436,0.86145
1437,0.99877
1438,1.0018
1439,0.8250200000000001
1440,1.0004
1441,1.0002
1442,0.8321799999999999
1443,0.8447
1444,0.86645
1445,0.99866
1446,1.0031
1447,0.7519100000000001
1448,0.99859
1449,0.99905
1450,0.81475
1451,1.0009
1452,0.9999299999999999
1453,0.89241
1454,0.9985
1455,1.0008
1456,0.77785
1457,0.99936
1458,1.0016
1459,0.90399
1460,1.0013
1461,0.924
1462,0.85898
1463,0.86839
1464,0.99924
1465,0.8811700000000001
1466,1.0001
1467,1.0019
1468,1.0005
1469,0.88987
1470,0.9989299999999999
1471,1.0004
1472,0.85219
1473,0.71333
1474,0.82037
1475,1.0004
1476,0.8682
1477,1.0
1478,1.0015
1479,0.9732200000000001
1480,1.0007
1481,1.0007
1482,0.76432
1483,1.0009
1484,0.9996
1485,0.8422700000000001
1486,0.9993
1487,1.0001
1488,0.99954
1489,0.91384
1490,0.8675200000000001
1491,0.9183
1492,0.8053
1493,1.0008
1494,1.0009
1495,1.0002
1496,0.90395
1497,0.8885299999999999
1498,0.99987
1499,1.0004
1500,0.9996200000000001
1501,1.0001
1502,0.84816
1503,1.0004
1504,0.99861
1505,0.82414
1506,0.8597799999999999
1507,1.0007
1508,0.99982
1509,0.9993700000000001
1510,1.0003
1511,0.8389700000000001
1512,1.0006
1513,0.80752
1514,0.99934
1515,0.8928299999999999
1516,0.91456
1517,0.86946
1518,0.9990700000000001
1519,0.8608100000000001
1520,0.89949
1521,0.85649
1522,0.9018200000000001
1523,0.87787
1524,0.82609
1525,0.86903
1526,0.87515
1527,0.8912
1528,1.0001
1529,0.8366899999999999
1530,1.0008
1531,1.0
1532,0.8627
1533,0.8372
1534,0.82571
1535,0.9986299999999999
1536,1.0003
1537,0.8808299999999999
1538,1.0007
1539,0.99992
1540,0.9986200000000001
1541,0.8722
1542,0.99949
1543,0.9999
1544,0.87093
1545,0.85245
1546,0.99951
1547,0.77263
1548,1.0006
1549,0.77875
1550,0.9479299999999999
1551,0.9994700000000001
1552,1.0013
1553,1.0016
1554,0.78433
1555,0.78942
1556,0.85359
1557,0.99926
1558,1.0
1559,0.8921
1560,0.9994200000000001
1561,0.8459399999999999
1562,1.0006
1563,1.0014
1564,0.9276
1565,0.8970899999999999
1566,0.99895
1567,0.82532
1568,1.0008
1569,0.9990399999999999
1570,0.93774
1571,1.0002
1572,1.0011
1573,0.96039
1574,0.85995
1575,1.0
1576,0.79206
1577,0.8870100000000001
1578,0.8613799999999999
1579,1.0012
1580,0.90094
1581,0.87959
1582,0.9987299999999999
1583,0.99955
1584,0.9983700000000001
1585,0.99923
1586,0.9993299999999999
1587,1.001
1588,0.99989
1589,0.9499299999999999
1590,0.83949
1591,0.82996
1592,0.9996700000000001
1593,0.8783799999999999
1594,0.99936
1595,0.99955
1596,0.81491
1597,0.8540700000000001
1598,0.99874
1599,0.9998
1600,0.9999899999999999
1601,0.8165
1602,1.0001
1603,0.8477100000000001
1604,0.8056
1605,0.87964
1606,0.7839
1607,1.0012
1608,0.99976
1609,1.0013
1610,0.9247700000000001
1611,0.89736
1612,0.7371300000000001
1613,0.84295
1614,0.8156100000000001
1615,0.9142600000000001
1616,0.99946
1617,0.8668299999999999
1618,0.8072699999999999
1619,0.87746
1620,0.82616
1621,0.88023
1622,1.0008
1623,1.0013
1624,0.8524299999999999
1625,0.83206
1626,0.8342200000000001
1627,0.99877
1628,1.002
1629,1.0013
1630,0.83078
1631,1.0015
1632,0.8904200000000001
1633,0.9991899999999999
1634,0.99979
1635,0.91069
1636,0.83424
1637,0.75064
1638,0.99974
1639,0.9980600000000001
1640,0.99916
1641,0.99934
1642,0.88323
1643,1.0003
1644,0.99829
1645,0.99876
1646,1.0012
1647,1.0
1648,0.8864299999999999
1649,0.99974
1650,1.0006
1651,0.86331
1652,0.99992
1653,0.9990899999999999
1654,0.86944
1655,0.8188300000000001
1656,0.99913
1657,1.0014
1658,0.8272799999999999
1659,0.9993200000000001
1660,0.8607100000000001
1661,1.0009
1662,0.99918
1663,1.0004
1664,0.76255
1665,0.9989
1666,1.0006
1667,0.7720199999999999
1668,0.99887
1669,0.8338200000000001
1670,0.82411
1671,1.0001
1672,0.9986799999999999
1673,0.8195399999999999
1674,0.9845700000000001
1675,0.79097
1676,0.9070600000000001
1677,0.78822
1678,0.9986799999999999
1679,1.0017
1680,0.99785
1681,1.0005
1682,0.99961
1683,1.0006
1684,1.0015
1685,1.0005
1686,0.99897
1687,1.0017
1688,1.0003
1689,1.0006
1690,0.9991
1691,0.78408
1692,0.99925
1693,0.99902
1694,1.0008
1695,0.8660899999999999
1696,1.0015
1697,0.78457
1698,0.9994200000000001
1699,0.8428399999999999
1700,0.93599
1701,0.9263
1702,0.9998299999999999
1703,0.8325799999999999
1704,0.80114
1705,1.0014
1706,0.9446200000000001
1707,0.8290700000000001
1708,1.0
1709,0.89976
1710,1.001
1711,0.8053600000000001
1712,0.9985
1713,0.86797
1714,0.80192
1715,0.9011100000000001
1716,0.9994200000000001
1717,1.0016
1718,0.99872
1719,0.83425
1720,0.83609
1721,0.9986700000000001
1722,0.8062600000000001
1723,0.91306
1724,0.99824
1725,1.0005
1726,0.89145
1727,0.9993
1728,0.9003399999999999
1729,0.99931
1730,0.88736
1731,0.9365700000000001
1732,0.8198799999999999
1733,0.84652
1734,0.99782
1735,1.0008
1736,1.0001
1737,0.91932
1738,0.75351
1739,0.99979
1740,0.80547
1741,1.0022
1742,1.0007
1743,0.75661
1744,0.9999
1745,0.7459899999999999
1746,1.0014
1747,0.77408
1748,1.0009
1749,0.84629
1750,0.8729100000000001
1751,0.99976
1752,0.8756700000000001
1753,0.9998
1754,0.99995
1755,1.0002
1756,0.99818
1757,0.8382700000000001
1758,0.8589200000000001
1759,1.0009
1760,0.81647
1761,0.78784
1762,1.0006
1763,0.91455
1764,0.8626
1765,0.88355
1766,1.0006
1767,0.9023
1768,0.99875
1769,0.8351
1770,0.9990899999999999
1771,0.99969
1772,1.0007
1773,0.99908
1774,1.0007
1775,1.0016
1776,0.7820699999999999
1777,0.88169
1778,1.0004
1779,1.0012
1780,0.80182
1781,0.9143700000000001
1782,0.8250799999999999
1783,0.9292799999999999
1784,0.8809799999999999
1785,0.79065
1786,0.87535
1787,0.99921
1788,0.9981700000000001
1789,1.0001
1790,0.82152
1791,0.99984
1792,0.8366299999999999
1793,0.90007
1794,0.81498
1795,1.0001
1796,1.0001
1797,1.0007
1798,0.8871399999999999
1799,0.9996200000000001
1800,0.85913
1801,0.81196
1802,0.9986700000000001
1803,0.9996799999999999
1804,0.9988100000000001
1805,1.0011
1806,0.8854799999999999
1807,0.99777
1808,0.8880899999999999
1809,1.0013
1810,0.77079
1811,0.8730899999999999
1812,0.99966
1813,0.8724700000000001
1814,0.7505
1815,0.8954200000000001
1816,0.9998299999999999
1817,1.0002
1818,1.0008
1819,0.9992700000000001
1820,0.86645
1821,0.92737
1822,0.8777299999999999
1823,1.0003
1824,1.0007
1825,1.0001
1826,1.0018
1827,0.93289
1828,0.79015
1829,1.0007
1830,0.8239
1831,0.8296399999999999
1832,0.9999399999999999
1833,1.0002
1834,1.0006
1835,0.9995299999999999
1836,0.99823
1837,0.8305299999999999
1838,0.9998
1839,0.85044
1840,1.0009
1841,0.85949
1842,1.0
1843,0.8574
1844,0.851
1845,0.9656799999999999
1846,0.8542299999999999
1847,0.9174200000000001
1848,0.99997
1849,1.0003
1850,0.80306
1851,0.82526
1852,0.89013
1853,0.99875
1854,0.81592
1855,0.76156
1856,0.9989899999999999
1857,0.99946
1858,0.78981
1859,0.9996299999999999
1860,0.86425
1861,0.9972799999999999
1862,0.81722
1863,0.82878
1864,1.0006
1865,0.80161
1866,0.8453299999999999
1867,1.0009
1868,0.87939
1869,0.9997
1870,0.9999399999999999
1871,0.87074
1872,0.81792
1873,0.8326399999999999
1874,0.8541
1875,0.75639
1876,0.85495
1877,1.0003
1878,0.8370799999999999
1879,0.84596
1880,0.99908
1881,0.8463200000000001
1882,1.002
1883,0.8516
1884,0.8185399999999999
1885,1.0006
1886,0.99876
1887,0.91056
1888,0.82839
1889,0.99926
1890,0.9985200000000001
1891,0.99989
1892,0.8505799999999999
1893,0.84839
1894,0.92709
1895,0.99897
1896,0.86941
1897,0.86241
1898,1.0014
1899,0.8492
1900,0.83529
1901,1.0003
1902,1.0003
1903,0.83055
1904,0.84419
1905,0.86961
1906,1.0017
1907,0.82786
1908,0.9063200000000001
1909,0.8902
1910,1.0001
1911,0.8093899999999999
1912,0.9379299999999999
1913,0.79103
1914,1.0005
1915,0.8931100000000001
1916,0.9977799999999999
1917,0.87945
1918,0.9561299999999999
1919,1.0022
1920,0.99915
1921,0.79
1922,0.79424
1923,0.9997299999999999
1924,0.9993299999999999
1925,0.99998
1926,0.86855
1927,0.77928
1928,0.7892600000000001
1929,0.86874
1930,0.9355
1931,1.0001
1932,0.9996299999999999
1933,1.0016
1934,0.99875
1935,1.0011
1936,0.8519
1937,0.9009
1938,1.0006
1939,1.0011
1940,0.9996700000000001
1941,0.99961
1942,1.0002
1943,1.0011
1944,0.8911399999999999
1945,0.82481
1946,0.83134
1947,0.99782
1948,0.8360200000000001
1949,0.80782
1950,0.9996
1951,1.0004
1952,1.0006
1953,0.80025
1954,1.0007
1955,0.83075
1956,0.8382200000000001
1957,0.89346
1958,1.0001
1959,1.001
1960,1.0012
1961,0.86626
1962,0.8639899999999999
1963,0.8578
1964,0.8831100000000001
1965,0.7543
1966,0.9991899999999999
1967,0.75238
1968,0.8258700000000001
1969,0.99929
1970,1.001
1971,1.0008
1972,0.8375799999999999
1973,1.0004
1974,0.78773
1975,0.9991200000000001
1976,0.9989100000000001
1977,0.81742
1978,1.0009
1979,0.76635
1980,0.80829
1981,0.9998799999999999
1982,0.85441
1983,0.82557
1984,0.8386600000000001
1985,0.79222
1986,0.99934
1987,0.86477
1988,0.9999600000000001
1989,0.8308200000000001
1990,0.83
1991,0.78893
1992,0.99944
1993,1.0012
1994,1.0001
1995,1.0014
1996,1.0014
1997,0.9995299999999999
1998,1.0008
1999,0.82331
2000,0.87965
2001,0.9983299999999999
2002,0.9294899999999999
2003,0.8341700000000001
2004,0.99941
2005,0.9273299999999999
2006,1.0005
2007,1.0012
2008,1.0007
2009,0.87649
2010,0.9980100000000001
2011,0.89075
2012,1.0003
2013,0.85944
2014,1.0012
2015,0.9988100000000001
2016,0.8650899999999999
2017,0.99987
2018,0.9093100000000001
2019,0.99895
2020,1.0023
2021,1.0004
2022,0.8302299999999999
2023,0.8754200000000001
2024,0.9999399999999999
2025,0.9705799999999999
2026,1.0002
2027,0.99813
2028,0.88746
2029,0.99982
2030,0.75046
2031,0.82085
2032,0.82929
2033,0.9999100000000001
2034,0.8033399999999999
2035,0.8527399999999999
2036,0.82576
2037,0.91612
2038,1.0007
2039,0.9993700000000001
2040,0.99976
2041,1.0011
2042,1.0
2043,0.8850899999999999
2044,0.8478600000000001
2045,0.8775200000000001
2046,0.7536
2047,1.002
2048,0.9997
2049,1.0002
2050,0.9993200000000001
2051,0.9053899999999999
2052,1.0004
2053,1.0002
2054,0.8206700000000001
2055,1.0009
2056,0.85601
2057,0.86616
2058,1.0003
2059,1.0001
2060,0.9979899999999999
2061,0.9996299999999999
2062,1.0006
2063,0.99934
2064,0.88254
2065,0.9996200000000001
2066,0.80309
2067,0.8350299999999999
2068,1.0008
2069,0.87275
2070,0.99884
2071,0.9991
2072,0.83847
2073,1.0012
2074,1.001
2075,0.79379
2076,0.86344
2077,0.9097799999999999
2078,0.99487
2079,0.91701
2080,0.99835
2081,0.99823
2082,0.75142
2083,0.78094
2084,0.85365
2085,0.99815
2086,1.001
2087,1.0003
2088,0.84501
2089,1.001
2090,0.9998
2091,0.89849
2092,0.7721600000000001
2093,1.0014
2094,1.0
2095,1.0004
2096,0.81025
2097,0.81528
2098,0.99992
2099,0.81748
2100,0.77959
2101,0.99923
2102,0.82009
2103,0.9986
2104,0.99997
2105,0.9978899999999999
2106,0.84406
2107,0.9993200000000001
2108,0.99884
2109,0.8087
2110,0.8381799999999999
2111,0.9994799999999999
2112,1.0007
2113,1.0003
2114,1.0002
2115,0.9216
2116,0.88277
2117,1.0003
2118,0.8062
2119,0.9313100000000001
2120,1.0013
2121,1.001
2122,0.83321
2123,0.9997799999999999
2124,0.81937
2125,1.0018
2126,0.7916
2127,0.83819
2128,1.0015
2129,0.8426100000000001
2130,1.0004
2131,1.0002
2132,0.79875
2133,0.99811
2134,0.9989100000000001
2135,0.99959
2136,0.83236
2137,0.80306
2138,0.8615200000000001
2139,0.9996700000000001
2140,1.0015
2141,1.0
2142,0.82501
2143,0.8916700000000001
2144,0.75848
2145,0.96703
2146,1.0016
2147,1.0014
2148,0.8922399999999999
2149,0.9991899999999999
2150,0.9996799999999999
2151,0.99828
2152,0.91671
2153,0.79005
2154,0.88177
2155,0.80929
2156,0.9994
2157,0.8508100000000001
2158,0.79706
2159,0.9999600000000001
2160,1.0003
2161,1.0006
2162,0.99865
2163,0.9998
2164,1.0013
2165,0.99972
2166,0.69633
2167,0.8403200000000001
2168,1.0003
2169,0.77007
2170,0.8402
2171,0.8851399999999999
2172,0.7867
2173,0.88369
2174,1.0008
2175,0.99885
2176,0.9994299999999999
2177,0.99872
2178,0.9998100000000001
2179,1.0005
2180,0.9218
2181,0.85877
2182,0.9214
2183,0.89012
2184,0.9979399999999999
2185,0.76963
2186,1.0005
2187,0.82804
2188,0.9988799999999999
2189,0.99889
2190,0.89175
2191,0.9993
2192,0.9991200000000001
2193,1.0004
2194,0.9991200000000001
2195,0.8579700000000001
2196,0.84146
2197,1.0003
2198,0.80484
2199,1.001
2200,0.9985799999999999
2201,0.95644
2202,1.0003
2203,0.805
2204,1.0005
2205,0.99911
2206,0.8627299999999999
2207,0.89812
2208,1.0001
2209,0.79782
2210,0.99995
2211,1.0016
2212,0.84765
2213,0.83826
2214,0.81198
2215,1.0001
2216,0.77468
2217,0.9983299999999999
2218,1.0001
2219,1.0008
2220,1.0011
2221,0.8528
2222,0.9996799999999999
2223,0.9997
2224,0.99995
2225,1.0006
2226,0.99989
2227,0.99772
2228,0.88434
2229,0.85214
2230,0.9129299999999999
2231,0.87382
2232,0.90835
2233,0.9994
2234,1.0001
2235,0.9990600000000001
2236,0.99828
2237,0.8738799999999999
2238,0.81277
2239,1.0001
2240,0.8225299999999999
2241,0.81653
2242,1.0009
2243,0.76137
2244,1.0014
2245,0.91169
2246,1.0003
2247,0.9278200000000001
2248,1.001
2249,1.0003
2250,1.0003
2251,0.82404
2252,0.99951
2253,1.0017
2254,1.0
2255,0.90697
2256,0.797
2257,1.0
2258,0.99935
2259,0.90375
2260,0.8347899999999999
2261,0.80588
2262,0.99826
2263,1.0021
2264,1.0011
2265,0.7710100000000001
2266,0.84588
2267,1.0007
2268,0.99851
2269,0.8460799999999999
2270,1.0
2271,0.8849799999999999
2272,0.84278
2273,0.8458399999999999
2274,0.81539
2275,0.99946
2276,0.89444
2277,0.99951
2278,0.81271
2279,0.82501
2280,0.99954
2281,0.77994
2282,1.0009
2283,0.72638
2284,0.90007
2285,0.9993799999999999
2286,0.8307200000000001
2287,0.9304600000000001
2288,0.99936
2289,1.0002
2290,1.0018
2291,0.92732
2292,1.0003
2293,0.99969
2294,1.0008
2295,0.84995
2296,0.99835
2297,0.9978
2298,0.90714
2299,0.99934
2300,0.99892
2301,0.99949
2302,0.7692
2303,1.0002
2304,0.87261
2305,0.8512700000000001
2306,0.99866
2307,1.0001
2308,0.8700700000000001
2309,0.9999399999999999
2310,1.0015
2311,0.9278799999999999
2312,1.0008
2313,0.9091
2314,1.0021
2315,0.9994
2316,0.8419700000000001
2317,0.85734
2318,0.9991
2319,0.89917
2320,0.9098299999999999
2321,1.0008
2322,1.0005
2323,0.84605
2324,0.8845299999999999
2325,0.9995
2326,0.91871
2327,0.90666
2328,0.78674
2329,0.82525
2330,0.80892
2331,1.0005
2332,0.81294
2333,0.99949
2334,0.9613700000000001
2335,0.99924
2336,1.0007
2337,0.83872
2338,0.9998100000000001
2339,0.8877700000000001
2340,0.92185
2341,1.002
2342,0.9976700000000001
2343,0.8897
2344,1.0002
2345,0.9983
2346,0.87434
2347,0.9996299999999999
2348,0.99928
2349,0.91202
2350,0.8472700000000001
2351,0.75178
2352,0.67195
2353,0.99992
2354,0.9228299999999999
2355,0.9988799999999999
2356,0.99934
2357,0.8890100000000001
2358,0.9990000000000001
2359,0.99934
2360,0.78567
2361,0.78922
2362,0.99935
2363,0.89369
2364,0.81043
2365,0.99876
2366,0.83655
2367,0.99944
2368,0.9993700000000001
2369,0.9995200000000001
2370,0.8227
2371,0.9166799999999999
2372,0.99964
2373,0.87339
2374,0.86408
2375,0.9089200000000001
2376,0.8652799999999999
2377,0.84577
2378,0.81894
2379,0.89985
2380,1.0019
2381,0.82204
2382,0.8155399999999999
2383,0.83196
2384,0.83801
2385,0.99936
2386,0.9989
2387,0.9989399999999999
2388,0.7853
2389,0.71906
2390,1.0012
2391,0.99935
2392,0.8024399999999999
2393,0.8869600000000001
2394,0.9994700000000001
2395,0.99931
2396,0.9438200000000001
2397,1.0
2398,0.80942
2399,0.80475
